"","b","c","alpha","mse","mse_debiased"
"CF",0.542833885738761,-0.498338019583182,0,89.3696973685671,89.0993590533837
"CBoost",0.542833885738761,-0.498338019583178,0,89.1592023363405,89.0993590533837
"CMARS",0.542833885738761,-0.498338019583178,8.88178419700125e-16,89.9767036647446,89.0993590533837
"PTOForest",0.542833885738761,-0.498338019583178,0,89.9823312762455,89.0993590533837
"XBoosting",NA,NA,NA,NA,NA
"XRF",0.542833885738761,-0.498338019583178,0,89.8856143324851,89.0993590533837
"XBART",0.542833885738761,-0.498338019583178,0,92.6995866591302,89.0993590533837
"RBoosting",0.542833885738761,-0.498338019583178,0,89.4646802008693,89.0993590533837
"RLasso",NA,NA,NA,NA,NA
"RSlearner",NA,NA,NA,NA,NA
"stack",NA,NA,NA,NA,NA
