"","b","c","alpha","mse","mse_debiased"
"CF",7.54020250428425,4.64589908933844,0,4411.50361310623,4370.12247024238
"CBoost",7.54020250428425,4.64589908933844,0,4373.59025706417,4370.12247024238
"CMARS",7.54020250428425,4.64589908933844,0,4467.69154331715,4370.12247024238
"PTOForest",7.54020250428425,4.64589908933844,0,4623.45230843033,4370.12247024238
"XBoosting",NA,NA,NA,NA,NA
"XRF",7.54020250428425,4.64589908933844,0,4450.9429227544,4370.12247024238
"XBART",7.54020250428425,4.64589908933844,0,4580.43315885268,4370.12247024238
"RBoosting",7.54020250428425,4.64589908933845,0,4373.19526679366,4370.12247024238
"RLasso",7.54020250428425,4.64589908933844,0,4418.79205392339,4370.12247024238
"RSlearner",7.54020250428425,4.64589908933844,0,4404.71019420653,4370.12247024238
"stack",7.54020250428425,3.15682886839664,0.32051282051282,4370.12247024238,4370.12247024238
