"","b","c","alpha","mse","mse_debiased"
"CF",0.00515212438957997,-0.0867468905453094,0.716631626079105,0.200334708537786,0.196596437418905
"CBoost",0.00617809689350763,-0.0231459610366932,2013.3857103142,0.196770941445688,0.195857777472787
"CMARS",0.00814301491423471,-0.058315194196737,0.536553470561209,0.199581996105358,0.195537369437835
"PTOForest",0.00515261105328151,-0.00021773988767271,0.0132082830581235,0.201303366222725,0.196771446923743
"XBoosting",NA,NA,NA,NA,NA
"XRF",0.00514642902702642,0.00118455342335938,0,0.200173392490451,0.196771697402315
"XBART",0.00680319334682564,-0.0481841426746222,0.435377881263408,0.200386360374783,0.196230598971269
"RBoosting",0.00541313863391782,-0.0299613831168834,0.23251294230067,0.203035730298752,0.196590764085982
"RLasso",NA,NA,NA,NA,NA
"RSlearner",0.00673568691136485,-0.0603765387211509,0.577068884243012,0.199248775923398,0.195998203308207
"stack",0.00827553534165445,1.41562169183348e-17,1,0.195276905430672,0.195276905430672
