"","b","c","alpha","mse","mse_debiased"
"CF",0.262868589645879,0.758584245973077,0,898.739493193764,895.878835346206
"CBoost",0.275715945366969,1.27918606632105,137.362583835484,896.025215560432,895.747194766204
"CMARS",0.287357320012749,2.03773987766621,0.471455252314027,899.054668824091,895.440937697874
"PTOForest",0.262868589645878,0.758584245973077,0,898.949620824531,895.878835346206
"XBoosting",NA,NA,NA,NA,NA
"XRF",0.26432334956378,0.828828775394153,0.0567136035434643,901.960673313705,895.861238399383
"XBART",0.262868589645878,0.758584245973077,-2.77555756156289e-17,908.742705497443,895.878835346206
"RBoosting",0.262868589645878,0.758584245973077,0,900.762089202887,895.878835346206
"RLasso",0.262868589645879,0.758584245973077,0,902.470017569894,895.878835346206
"RSlearner",0.262868589645879,0.758584245973077,0,898.554280318109,895.878835346206
"stack",0.287357320012749,1.18847314562923e-11,0.999999999999994,895.440937697875,895.440937697874
