"","b","c","alpha","mse","mse_debiased"
"CF",0.826566837147693,1.75953858808682,0,77.5933436525076,76.6359808829203
"CBoost",0.826566837147693,1.75953858808682,0,77.2093019918292,76.6359808829203
"CMARS",0.826566837147693,1.75953858808682,0,77.9933792511722,76.6359808829203
"PTOForest",0.826566837147693,1.75953858808682,0,79.3514283615157,76.6359808829203
"XBoosting",NA,NA,NA,NA,NA
"XRF",0.826566837147693,1.75953858808682,0,77.3108994279201,76.6359808829203
"XBART",0.826566837147693,1.75953858808682,0,81.4813471958487,76.6359808829203
"RBoosting",0.826566837147693,1.75953858808682,0,76.9433089554317,76.6359808829203
"RLasso",NA,NA,NA,NA,NA
"RSlearner",NA,NA,NA,NA,NA
"stack",NA,NA,NA,NA,NA
