"","CF","CMARS","XRF","XBART","RBoosting"
"CF",NA,0,0,0,0
"CMARS",0,NA,1.17675647004489e-10,0,0
"XRF",0,1.17675647004489e-10,NA,0,5.37347943918576e-14
"XBART",0,0,0,NA,0
"RBoosting",0,0,5.37347943918576e-14,0,NA
