"CF","CMARS","PTOForest","XRF","XBART","RBoosting"
NA,0.624440941010217,0.283430096114455,2.97175744368161e-06,0,0.909798605031389
0.624440941010217,NA,0.637426861765356,0.350107509432079,0.347321676421096,0.529633571328012
0.283430096114455,0.637426861765356,NA,0.217204589709702,0.148475919088096,0.915972883551731
2.97175744368161e-06,0.350107509432079,0.217204589709702,NA,5.83259360809052e-08,0.404395678198161
0,0.347321676421096,0.148475919088096,5.83259360809052e-08,NA,0.153776370598452
0.909798605031389,0.529633571328012,0.915972883551731,0.404395678198161,0.153776370598452,NA
