"","CF","CMARS","PTOForest","XRF","XBART","RBoosting","RSlearner"
"CF",NA,0.232216368375799,7.72626407297139e-12,0,5.92172089142196e-10,1.37667655053519e-14,8.68283223098842e-12
"CMARS",0.232216368375799,NA,0.94881551020302,0.391849202624116,0.260035273255403,0.235489429324995,0.913755550159835
"PTOForest",7.72626407297139e-12,0.94881551020302,NA,8.12334525646108e-07,1.33915914730665e-05,1.226787338382e-08,6.4828932000438e-08
"XRF",0,0.391849202624116,8.12334525646108e-07,NA,3.14478420415654e-07,0.00020840964465596,8.16310955276123e-07
"XBART",5.92172089142196e-10,0.260035273255403,1.33915914730665e-05,3.14478420415654e-07,NA,6.97727097875855e-07,0
"RBoosting",1.37667655053519e-14,0.235489429324995,1.226787338382e-08,0.00020840964465596,6.97727097875855e-07,NA,2.01521330156496e-06
"RSlearner",8.68283223098842e-12,0.913755550159835,6.4828932000438e-08,8.16310955276123e-07,0,2.01521330156496e-06,NA
