"CF","CMARS","PTOForest","XRF","XBART","RBoosting","RLasso"
NA,2.04873838938191e-06,0.0693411917599343,0.134273534630338,0,0,1.97175609173428e-13
2.04873838938191e-06,NA,0.495182978747488,0.150920156335643,0.000309924578412168,0.000567750818762924,1.76138037124574e-05
0.0693411917599343,0.495182978747488,NA,9.41529076925463e-11,0.0142372674565154,0.250659284859614,4.450680369672e-05
0.134273534630338,0.150920156335643,9.41529076925463e-11,NA,0.474224461303898,0.451984416695504,0.0190431614134923
0,0.000309924578412168,0.0142372674565154,0.474224461303898,NA,1.61631152906239e-10,1.1453327175559e-10
0,0.000567750818762924,0.250659284859614,0.451984416695504,1.61631152906239e-10,NA,3.91294108226248e-10
1.97175609173428e-13,1.76138037124574e-05,4.450680369672e-05,0.0190431614134923,1.1453327175559e-10,3.91294108226248e-10,NA
