"CF","CMARS","PTOForest","XRF","XBART","RBoosting"
NA,0.744505292112357,1.56759336689127e-06,0,1.08622666417091e-10,0.014518655487413
0.744505292112357,NA,0.859057811452628,0.5960629077383,0.671400352911141,0.539969484929269
1.56759336689127e-06,0.859057811452628,NA,2.15568007888578e-10,0.109126854610006,0.0826094192019782
0,0.5960629077383,2.15568007888578e-10,NA,0.00408909860540652,0.118279428034416
1.08622666417091e-10,0.671400352911141,0.109126854610006,0.00408909860540652,NA,0.284060758937432
0.014518655487413,0.539969484929269,0.0826094192019782,0.118279428034416,0.284060758937432,NA
