"CF","CBoost","CMARS","PTOForest","XRF","XBART","RBoosting","RLasso"
NA,0,0.170213877187101,0.00438071645944249,1.77635683940025e-15,0,0,0
0,NA,0.788818430093994,0.00115060981671578,0,0,0,0
0.170213877187101,0.788818430093994,NA,0.0404860566535246,2.56553054467368e-06,8.71693278996499e-05,0.0482144076047137,0.865017952458952
0.00438071645944249,0.00115060981671578,0.0404860566535246,NA,8.1044726485402e-11,5.0179385513438e-07,2.80383094652947e-06,0.000769329942632346
1.77635683940025e-15,0,2.56553054467368e-06,8.1044726485402e-11,NA,0,8.88178419700125e-16,0
0,0,8.71693278996499e-05,5.0179385513438e-07,0,NA,0,0
0,0,0.0482144076047137,2.80383094652947e-06,8.88178419700125e-16,0,NA,0
0,0,0.865017952458952,0.000769329942632346,0,0,0,NA
