"CF","CMARS","PTOForest","XRF","XBART","RBoosting","RLasso"
NA,6.17114186711731e-05,1.33226762955019e-15,0,6.91471324643089e-10,2.86830292850482e-08,2.35328222335518e-05
6.17114186711731e-05,NA,0.0128653934079201,0.00127784982146206,0.806674343878326,0.476436281976274,0.738459447038613
1.33226762955019e-15,0.0128653934079201,NA,1.59435306559264e-05,0.000507268506960701,0.105846366025831,0.00419640387825382
0,0.00127784982146206,1.59435306559264e-05,NA,0.000258549049851009,3.861028123886e-07,0.00528451915885109
6.91471324643089e-10,0.806674343878326,0.000507268506960701,0.000258549049851009,NA,1.39286599445398e-05,3.97430857299597e-05
2.86830292850482e-08,0.476436281976274,0.105846366025831,3.861028123886e-07,1.39286599445398e-05,NA,0.0356983629960599
2.35328222335518e-05,0.738459447038613,0.00419640387825382,0.00528451915885109,3.97430857299597e-05,0.0356983629960599,NA
