"Covariate","DF","LogLik","diff","statistic","p-value"
"full model",6,-1404.92590948944,NA,NA,NA
"DIAGTYCD",5,-1408.94202500422,-1,8.03223102956918,0.00459522034559347
"TUMCAT",5,-1407.29489470053,-1,4.73797042218712,0.0295038581426207
"B_HEIGHT",5,-1407.5125533071,-1,5.17328763532623,0.0229367677682813
"OTANY",5,-1407.79207841238,-1,5.73233784588183,0.0166552957132078
