"","b","c","alpha","mse","mse_debiased"
"CF",-6.67064214716154,-7.30761654445382,-1.11022302462516e-16,22975.4007338759,22858.0029823016
"CBoost",-6.67064214716154,-7.30761654445382,0,22939.9782616278,22858.0029823016
"CMARS",-8.08939945715073,5.51001956092445,1.1130025574216,22594.0814053088,22586.6028223504
"PTOForest",-6.67064214716154,-7.30761654445382,0,23190.3117683151,22858.0029823016
"XBoosting",NA,NA,NA,NA,NA
"XRF",-6.67064214716154,-7.30761654445382,0,23472.0699588659,22858.0029823016
"XBART",-6.67064214716154,-7.30761654445382,0,23874.8959926436,22858.0029823016
"RBoosting",-6.67064214716154,-7.30761654445382,0,22881.6055421509,22858.0029823016
"RLasso",NA,NA,NA,NA,NA
"RSlearner",-7.69554106481006,80.1810440237136,6.87372302178388,22789.169049921,22573.3009765403
"stack",-7.69554106481007,-6.67128941183249e-15,1,22573.3009765403,22573.3009765403
