"","b","c","alpha","mse","mse_debiased"
"CF",0.130475403903006,-0.120700033301921,0,0.675714144183855,0.672103724472811
"CBoost",0.130475403903006,-0.120700033301921,0,0.676773510144069,0.672103724472811
"CMARS",0.123119461364314,-0.0648566420273461,0.782108389113421,0.667146935970234,0.666354040582017
"PTOForest",0.130475403903006,-0.120700033301921,0,0.678934357439474,0.672103724472811
"XBoosting",NA,NA,NA,NA,NA
"XRF",0.130475403903006,-0.120700033301921,0,0.678830830422622,0.672103724472811
"XBART",0.130431827175749,-0.120365122354561,0.0176952886129158,0.684840068382856,0.672089126823288
"RBoosting",0.130475403903006,-0.120700033301921,0,0.689152247220565,0.672103724472811
"RLasso",0.130423070729546,-0.0821087429396655,0.696845874296863,0.673541065286712,0.671895065284474
"RSlearner",0.130388927163955,-0.03620398695685,1.96555596923013,0.674088270931079,0.671861990251061
"stack",0.122775131268607,7.43420058646779e-16,1.00000000000001,0.665845130956583,0.665845130956583
