"","b","c","alpha","mse","mse_debiased"
"CF",1.80755349758785,4.69865231927332,0,311.47342014837,298.240736789765
"CBoost",1.80755349758785,4.69865231927332,0,303.762438810535,298.240736789765
"CMARS",1.80755349758785,4.69865231927332,0,319.757360301756,298.240736789765
"PTOForest",1.73839883258454,5.14282663624878,0.241697540717389,310.087567977204,297.755985142474
"XBoosting",NA,NA,NA,NA,NA
"XRF",1.80755349758785,4.69865231927332,0,309.697227677529,298.240736789765
"XBART",1.80755349758785,4.69865231927332,0,320.911560179934,298.240736789765
"RBoosting",1.80755349758785,4.69865231927332,0,307.884393351499,298.240736789765
"RLasso",NA,NA,NA,NA,NA
"RSlearner",1.80755349758785,4.69865231927332,0,315.009141728678,298.240736789765
"stack",1.73839883258454,-6.85505924904626e-15,1,297.755985142474,297.755985142474
