"","b","c","alpha","mse","mse_debiased"
"CF",0.129456145262438,0.740768156626201,2.22044604925031e-16,22.1623770264474,21.9325266768186
"CBoost",0.11736727111818,0.821815560450158,2981.18157782975,22.0684684434652,21.7655779006622
"CMARS",0.129456145262438,0.740768156626201,0,22.5664662448699,21.9325266768186
"PTOForest",0.0857916407732615,0.809950375475427,1.02598339579754,21.6472988243144,21.4843663996967
"XBoosting",NA,NA,NA,NA,NA
"XRF",0.125484821708768,0.705736690161508,0.281823067650397,22.0344195180473,21.9294788837596
"XBART",0.129456145262438,0.740768156626201,0,23.5644361388393,21.9325266768186
"RBoosting",0.129456145262438,0.740768156626201,0,22.0325084356771,21.9325266768186
"RLasso",NA,NA,NA,NA,NA
"RSlearner",NA,NA,NA,NA,NA
"stack",0.0779119906987265,-4.11175854214691e-16,1,21.368135390792,21.368135390792
