"trial","best_tau_method","mse"
"NCT00364013","RBoosting","80.9919534253055"
"NCT00339183","CBoost","35.3857189478119"
"NCT00115765","CBoost","51.2149336379538"
"NCT00113763","stack","7.23225921447377"
"NCT00079274","CF","279.651097040582"
"NCT00460265","stack","55.1094720544471"
"NCT00041119_length","CMARS","434.209992249738"
"NCT00041119_chemo","CBoost","453.250290094656"
"NCT00003299","CBoost","53.6292642643614"
"NCT00119613","CBoost","31.2837251295457"
