"","b","c","alpha","mse","mse_debiased"
"CF",0.189712660778445,1.18998704115085,0,33.8020718972685,33.1618467112241
"CBoost",0.189712660778445,1.18998704115085,-3.5527136788005e-15,33.5003444829286,33.1618467112241
"CMARS",0.189712660778445,1.18998704115085,0,34.4770380959906,33.1618467112241
"PTOForest",0.189712660778445,1.18998704115085,0,34.5494311723281,33.1618467112241
"XBoosting",NA,NA,NA,NA,NA
"XRF",0.189712660778445,1.18998704115085,0,34.8741945698052,33.1618467112241
"XBART",0.189712660778445,1.18998704115085,0,35.9368298368987,33.1618467112241
"RBoosting",0.189712660778445,1.18998704115085,0,34.2715099852909,33.1618467112241
"RLasso",0.189712660778445,1.18998704115085,0,34.5988724525264,33.1618467112241
"RSlearner",NA,NA,NA,NA,NA
"stack",NA,NA,NA,NA,NA
