"","b","c","alpha","mse","mse_debiased"
"CF",5.23213713730631,2.03217333736844,0,1950.24649248327,1941.91899330283
"CBoost",5.23213713730631,2.03217333736844,0,1942.45605170938,1941.91899330283
"CMARS",5.23213713730631,2.03217333736844,0,1972.53878127633,1941.91899330283
"PTOForest",5.23213713730631,2.03217333736844,0,1970.31562126662,1941.91899330283
"XBoosting",NA,NA,NA,NA,NA
"XRF",5.23213713730631,2.03217333736844,0,1952.65682208568,1941.91899330283
"XBART",5.23213713730631,2.03217333736844,0,1984.83256090877,1941.91899330283
"RBoosting",5.23213713730631,2.03217333736844,-8.88178419700125e-16,1952.82984162672,1941.91899330283
"RLasso",5.23213713730631,2.03217333736844,1.11022302462516e-16,1957.35996240411,1941.91899330283
"RSlearner",5.23213713730631,2.03217333736844,0,1958.9370813307,1941.91899330283
"stack",NA,NA,NA,NA,NA
