"","b","c","alpha","mse","mse_debiased"
"CF",1.00734760237508,0.438896745049752,0,92.0117960675988,91.89375404503
"CBoost",1.00734760237508,0.438896745049752,0,91.9642341938062,91.89375404503
"CMARS",1.00734760237508,0.438896745049752,0,93.5252796917489,91.89375404503
"PTOForest",1.00734760237508,0.438896745049752,0,93.0410766873722,91.89375404503
"XBoosting",NA,NA,NA,NA,NA
"XRF",1.00734760237508,0.438896745049752,0,92.2328961041337,91.89375404503
"XBART",1.00734760237508,0.438896745049752,0,93.6699988258053,91.89375404503
"RBoosting",1.00734760237508,0.438896745049752,0,92.0839853637598,91.89375404503
"RLasso",NA,NA,NA,NA,NA
"RSlearner",NA,NA,NA,NA,NA
"stack",NA,NA,NA,NA,NA
