"","b","c","alpha","mse","mse_debiased"
"CF",2.24294067856171,0.348984953253741,0,1440.54394520696,1435.53052842361
"CBoost",2.24294067856171,0.348984953253741,0,1435.62456859793,1435.53052842361
"CMARS",2.24294067856171,0.348984953253741,0,1464.68681454473,1435.53052842361
"PTOForest",2.24294067856171,0.348984953253741,-1.38777878078145e-17,1467.49247481895,1435.53052842361
"XBoosting",NA,NA,NA,NA,NA
"XRF",2.24294067856171,0.348984953253741,0,1442.63157335725,1435.53052842361
"XBART",2.24294067856171,0.348984953253741,0,1484.05869464747,1435.53052842361
"RBoosting",2.24294067856171,0.348984953253741,0,1439.75713363207,1435.53052842361
"RLasso",2.24294067856171,0.348984953253741,0,1479.43133176536,1435.53052842361
"RSlearner",2.24294067856171,0.348984953253742,0,1482.46793148881,1435.53052842361
"stack",NA,NA,NA,NA,NA
