"Covariate","DF","LogLik","diff","statistic","p-value"
"full model",5,-2072.13954262741,NA,NA,NA
"B_LDHYN",4,-2074.60013614004,-1,4.92118702526932,0.0265292837016215
"Aspartate_Amino_Transferase",4,-2080.99079466218,-1,17.7025040695453,2.58286368728047e-05
"target_LSSLD",4,-2080.2076005241,-1,16.1361157933779,5.89491147773814e-05
