"","b","c","alpha","mse","mse_debiased"
"CF",26.7067779981061,-10.8200128213675,0,33271.2839403129,33207.8353171527
"CBoost",26.7067779981061,-10.8200128213675,-4.44089209850063e-16,33309.8327698351,33207.8353171527
"CMARS",26.7067779981061,-10.8200128213675,0,33941.7182304661,33207.8353171527
"PTOForest",26.7067779981061,-10.8200128213675,0,34292.2123942979,33207.8353171527
"XBoosting",NA,NA,NA,NA,NA
"XRF",26.7067779981061,-10.8200128213675,0,33529.9778921581,33207.8353171527
"XBART",27.3612738515922,-9.53197685007243,0.269473450403961,33723.8559305095,33183.2887257254
"RBoosting",26.7067779981061,-10.8200128213675,0,33250.1921110891,33207.8353171527
"RLasso",NA,NA,NA,NA,NA
"RSlearner",26.6709432988096,85.7098027129865,12.1850942699721,33199.4969212793,33166.4823121331
"stack",27.2982385974377,-8.79658411546205e-14,1,33179.5058092901,33179.5058092901
