"term","estimate","std.error","statistic","p.value"
"mean_pred",-0.432670662851075,1.46352951699187,-0.295635077958923,0.615983591772993
"hetereogeneity",1.56452884543729,1.20650629834571,1.29674320605079,0.0986355749222144
