"term","estimate","std.error","statistic","p.value"
"mean_pred",0.221595133984244,0.803245166256488,0.275874842816652,0.391565435862086
"hetereogeneity",0.896948363406066,0.665756926008325,1.34726103231685,0.0902498077961349
