"term","estimate","std.error","statistic","p.value"
"mean_pred",0.067379743942714,0.797964522122538,0.0844395234057372,0.466425648737889
"hetereogeneity",1.02636382924887,0.326521794496825,3.14332411051002,0.00105850695060543
