"term","estimate","std.error","statistic","p.value"
"mean_pred",0.114322329148777,1.11486910676572,0.102543274771,0.459250505265538
"hetereogeneity",0.939963681032987,0.741865265883587,1.26702748364079,0.103830867491476
