"term","estimate","std.error","statistic","p.value"
"mean_pred",1.60860004316727,2.25219665531175,0.714236050112864,0.238251875830711
"hetereogeneity",-0.181260250183331,2.43829879906881,-0.0743388178071346,0.529566129889406
