"term","estimate","std.error","statistic","p.value"
"mean_pred",1.93817203212451,3.99098577504678,0.485637419266869,0.313991714695282
"hetereogeneity",0.281267867691555,1.03567910809967,0.271578199745326,0.393173210871934
