"term","estimate","std.error","statistic","p.value"
"mean_pred",1.22116815528107,1.07143095963446,1.13975440442537,0.128490985579431
"hetereogeneity",0.4990337913423,0.422931749927708,1.179939296181,0.120345360992299
