"term","estimate","std.error","statistic","p.value"
"mean_pred",9.15478713075576,7.89630619911567,1.15937590310024,0.124331813278788
"hetereogeneity",2.53706693565253,4.00170364747994,0.633996707190008,0.263660273252161
