"term","estimate","std.error","statistic","p.value"
"mean_pred",-0.913145875565677,2.06942837408647,-0.441255124845177,0.670145489081551
"hetereogeneity",1.43979470018882,1.7614668497437,0.81738393225982,0.20754895768666
