"term","estimate","std.error","statistic","p.value"
"mean_pred",14.0866263419818,16.8620608143002,0.835403602033943,0.202596612109709
"hetereogeneity",-0.430324096554618,1.32729625872816,-0.324211037079969,0.626821422340855
