"term","estimate","std.error","statistic","p.value"
"mean_pred",1.864213656679,1.82608471299057,1.02088016148276,0.154708743809695
"hetereogeneity",-0.421555865212888,0.509954984638444,-0.826653092746547,0.794941806195593
