"term","estimate","std.error","statistic","p.value"
"mean_pred",1.56506111237052,2.85670392384067,0.547855554546371,0.292476935568334
"hetereogeneity",0.278369474252278,0.975903026403,0.285242966484382,0.388009948617817
