"term","estimate","std.error","statistic","p.value"
"mean_pred",1.73486035614175,1.98652355437361,0.873314767560755,0.192132645805784
