"term","estimate","std.error","statistic","p.value"
"mean_pred",3.08796997601177,2.32256255001502,1.32955298706242,0.093126030225038
"hetereogeneity",0.277434902546041,0.509269829125262,0.544769956277543,0.293474307719718
