"term","estimate","std.error","statistic","p.value"
"mean_pred",6.26854523429144,3.39715285077438,1.84523496870696,0.0337660175149272
"hetereogeneity",-2.41817029770408,2.49155407952688,-0.970546984139016,0.833111968650328
