"term","estimate","std.error","statistic","p.value"
"mean_pred",-1.49819903805791,1.34792211320563,-1.11148783997237,0.865681390915234
"hetereogeneity",0.519469466738755,1.01239311640275,0.513110429459006,0.304420785930596
