"term","estimate","std.error","statistic","p.value"
"mean_pred",0.591999943407324,1.84133443925529,0.321505931126098,0.374200335674929
"hetereogeneity",-1.62358567854539,1.64175784930148,-0.988931272194726,0.837631232604633
