"term","estimate","std.error","statistic","p.value"
"mean_pred",3.0745717857477,3.4350455762302,0.895059968642946,0.186401135962875
"hetereogeneity",1.63605108262859,1.96372841319992,0.8331351074982,0.203329831584465
