"term","estimate","std.error","statistic","p.value"
"mean_pred",1.32316224231516,1.74122961049118,0.759901068958914,0.224421105815076
"hetereogeneity",0.292671050499308,1.01996674442486,0.286941757757347,0.387332229092829
