"term","estimate","std.error","statistic","p.value"
"mean_pred",1.01264014525256,1.43226752723994,0.707018853666239,0.240480277250015
"hetereogeneity",0.226889996699167,0.571416095929811,0.397066163020786,0.346021028908947
