"term","estimate","std.error","statistic","p.value"
"mean_pred",2.94166348222353,2.42019334430111,1.21546631352835,0.113317608935411
"hetereogeneity",-0.217878303966133,2.08113803404407,-0.104691904334069,0.541600225851295
