"term","estimate","std.error","statistic","p.value"
"mean_pred",-0.0112449986175833,1.26401843870276,-0.00889622989133278,0.503540595076219
"hetereogeneity",1.01132992479141,0.709212320537265,1.42599034944186,0.0784187358672543
