"term","estimate","std.error","statistic","p.value"
"mean_pred",2.59457678573091,1.99389760336845,1.30125879149847,0.0978632694103763
"hetereogeneity",0.358217703999125,0.151684691907122,2.36159430127904,0.00992442891465773
