"term","estimate","std.error","statistic","p.value"
"mean_pred",2.78933874861763,2.18518513411622,1.2764770842841,0.102157402010947
"hetereogeneity",-0.187680852440645,0.532937566681097,-0.352162925217374,0.637325197447283
