"term","estimate","std.error","statistic","p.value"
"mean_pred",-2.28054444858501,2.9681536478247,-0.768337734219513,0.778209666511583
"hetereogeneity",0.606825988838214,0.594814730988819,1.02019327569347,0.154698257665503
