"term","estimate","std.error","statistic","p.value"
"mean_pred",1.54447856013753,3.93157798614971,0.392839354981248,0.347617266701412
"hetereogeneity",-0.126447061955728,0.88180261277196,-0.143396107160807,0.556873903950329
