"term","estimate","std.error","statistic","p.value"
"mean_pred",0.981989362129056,0.549877318050263,1.78583354849216,0.0382563116174221
"hetereogeneity",0.069868236942844,0.767828925479378,0.090994536184246,0.463820148348976
