"term","estimate","std.error","statistic","p.value"
"mean_pred",-1.94177837639311,0.527316909135088,-3.68237456974031,0.999817959792867
"hetereogeneity",11.5359423701767,1.89735105501351,6.08002527507729,9.43140384594118e-09
