"term","estimate","std.error","statistic","p.value"
"mean_pred",-1.50486496408665,0.486840798908265,-3.09108227466,0.998728663333791
"hetereogeneity",15.7217420862174,2.48314259998646,6.33138913822473,2.91284483986479e-09
