"term","estimate","std.error","statistic","p.value"
"mean_pred",1.98679634463807,4.82951786869865,0.411386063506465,0.340771031354367
"hetereogeneity",1.69497858121971,3.07337518504107,0.551503958732281,0.291170009288373
