"term","estimate","std.error","statistic","p.value"
"mean_pred",-28.5553842447488,64.3590192525907,-0.443688927773698,0.670909771047694
"hetereogeneity",-2.96954217961649,3.74759198298757,-0.792386736095314,0.785039067950112
