"term","estimate","std.error","statistic","p.value"
"mean_pred",0.78876891548206,0.679636460330635,1.16057475065174,0.123995915019896
"hetereogeneity",0.450851583494271,0.865456004171369,0.520941077676084,0.301657472547858
