"term","estimate","std.error","statistic","p.value"
"mean_pred",-20.201584209787,6.66832959005237,-3.02948196200787,0.998492310867602
"hetereogeneity",15.0379155983223,4.88291566502434,3.07970004602719,0.00129134100011924
